City_ID,City,Country,Date,Lat,Long,Max Temp,Humidity,Clouds,Wind Speed
0,Kalmunai,LK,2021-10-02 16:01:47,7.4167,81.8167,80.08,82,43,6.35
1,Raton,US,2021-10-02 16:01:47,36.9034,-104.4391,57.81,55,1,8.05
2,Andenes,NO,2021-10-02 16:01:48,69.3143,16.1194,55.08,76,90,9.22
3,Aripuana,BR,2021-10-02 16:01:48,-9.1667,-60.6333,98.22,35,20,3.33
4,Deputatskiy,RU,2021-10-02 16:01:48,69.3,139.9,12.79,90,80,5.91
5,Vila Franca Do Campo,PT,2021-10-02 16:01:49,37.7167,-25.4333,73.81,73,22,11.36
6,Fortuna,US,2021-10-02 16:01:49,40.5982,-124.1573,53.33,100,90,0.0
7,Hede,CN,2021-10-02 16:01:49,33.7681,120.2517,70.77,89,0,10.16
8,Forio,IT,2021-10-02 16:01:50,40.7342,13.8646,74.82,78,100,1.99
9,Omsukchan,RU,2021-10-02 16:01:50,62.5333,155.8,22.62,90,8,4.45
10,New Norfolk,AU,2021-10-02 16:01:50,-42.7826,147.0587,54.9,74,100,3.0
11,Walvis Bay,NA,2021-10-02 16:01:51,-22.9575,14.5053,61.09,67,3,26.69
12,Kieta,PG,2021-10-02 16:00:30,-6.2167,155.6333,78.13,83,100,2.68
13,Vaini,TO,2021-10-02 16:01:51,-21.2,-175.2,73.51,77,100,24.34
14,Albany,US,2021-10-02 15:58:58,42.6001,-73.9662,69.8,70,91,6.31
15,Yellowknife,CA,2021-10-02 16:01:51,62.456,-114.3525,46.56,95,100,5.99
16,Pevek,RU,2021-10-02 16:01:52,69.7008,170.3133,23.77,63,42,20.8
17,Dikson,RU,2021-10-02 16:01:52,73.5069,80.5464,33.67,86,100,14.32
18,Itarema,BR,2021-10-02 16:01:00,-2.9248,-39.9167,88.12,53,40,19.93
19,Goure,NE,2021-10-02 16:01:53,13.9835,10.2704,98.02,12,0,3.36
20,Ushuaia,AR,2021-10-02 16:00:10,-54.8,-68.3,42.04,69,100,4.56
21,Yumen,CN,2021-10-02 16:01:53,40.2833,97.2,49.78,32,47,16.17
22,Castro,BR,2021-10-02 16:01:54,-24.7911,-50.0119,71.8,69,100,2.3
23,Rikitea,PF,2021-10-02 16:01:54,-23.1203,-134.9692,72.64,72,2,21.25
24,Hobart,AU,2021-10-02 16:00:21,-42.8794,147.3294,55.26,93,90,5.75
25,Bluff,NZ,2021-10-02 16:01:54,-46.6,168.3333,50.81,85,100,11.27
26,Busselton,AU,2021-10-02 16:01:55,-33.65,115.3333,52.09,59,93,20.18
27,Guerrero Negro,MX,2021-10-02 16:01:55,27.9769,-114.0611,75.79,63,3,1.28
28,Tasiilaq,GL,2021-10-02 16:01:55,65.6145,-37.6368,39.36,60,85,6.31
29,Chernaya Kholunitsa,RU,2021-10-02 16:01:56,58.8511,51.7154,42.66,93,100,3.71
30,Mataura,NZ,2021-10-02 16:01:56,-46.1927,168.8643,50.49,95,100,1.07
31,Saint George,US,2021-10-02 16:00:30,37.1041,-113.5841,75.34,29,1,4.61
32,Sinop,TR,2021-10-02 16:01:56,41.7711,34.8709,52.59,93,90,3.18
33,Ambon,ID,2021-10-02 16:01:57,-3.6954,128.1814,79.52,84,99,4.52
34,Kovvur,IN,2021-10-02 16:01:57,17.0167,81.7333,82.65,83,20,6.91
35,East London,ZA,2021-10-02 16:01:57,-33.0153,27.9116,60.48,61,78,30.47
36,Port Elizabeth,ZA,2021-10-02 16:01:58,-33.918,25.5701,54.1,82,75,27.63
37,Cape Town,ZA,2021-10-02 16:01:58,-33.9258,18.4232,59.11,45,80,15.05
38,Victoria,HK,2021-10-02 16:00:02,22.2855,114.1577,86.32,77,12,7.0
39,Ribeira Grande,PT,2021-10-02 16:01:59,38.5167,-28.7,75.6,83,75,14.97
40,Saint Anthony,US,2021-10-02 16:00:29,45.0205,-93.218,69.55,92,87,1.99
41,Hilo,US,2021-10-02 16:01:59,19.7297,-155.09,75.27,94,82,3.0
42,Mananjary,MG,2021-10-02 16:01:59,-21.2167,48.3333,72.82,79,0,12.91
43,Upernavik,GL,2021-10-02 16:02:00,72.7868,-56.1549,30.69,86,26,4.23
44,Khatanga,RU,2021-10-02 16:02:00,71.9667,102.5,20.8,98,91,2.66
45,Iacu,BR,2021-10-02 16:02:00,-12.7672,-40.2117,95.32,24,0,7.56
46,Junnar,IN,2021-10-02 16:02:01,19.2,73.8833,74.71,87,100,1.74
47,Komsomolskiy,UZ,2021-10-02 16:02:01,40.4272,71.7189,56.12,38,96,2.3
48,Porto Velho,BR,2021-10-02 16:01:59,-8.7619,-63.9039,89.65,51,0,4.61
49,Arlit,NE,2021-10-02 16:02:02,18.7369,7.3853,96.96,9,0,16.73
50,Karratha,AU,2021-10-02 16:02:02,-20.7377,116.8463,73.72,26,1,12.44
51,Dingle,PH,2021-10-02 16:02:02,10.9995,122.6711,77.0,90,100,2.06
52,Kapaa,US,2021-10-02 16:02:03,22.0752,-159.319,75.52,79,75,1.01
53,Mahajanga,MG,2021-10-02 16:02:03,-15.7167,46.3167,78.82,69,20,12.66
54,Akersberga,SE,2021-10-02 16:02:04,59.4794,18.2997,54.32,82,97,16.67
55,Darnah,LY,2021-10-02 16:02:04,32.767,22.6367,70.86,63,15,18.75
56,Cayenne,GF,2021-10-02 16:00:07,4.9333,-52.3333,91.44,72,75,3.0
57,Hermanus,ZA,2021-10-02 16:02:05,-34.4187,19.2345,57.9,57,71,8.19
58,La Ronge,CA,2021-10-02 16:02:05,55.1001,-105.2842,50.94,52,25,2.86
59,Afonso Claudio,BR,2021-10-02 16:02:05,-20.0742,-41.1239,91.81,38,76,5.99
60,Bredasdorp,ZA,2021-10-02 16:02:06,-34.5322,20.0403,55.27,55,90,8.32
61,Juneau,US,2021-10-02 16:02:06,58.3019,-134.4197,47.21,97,100,3.0
62,Goundi,TD,2021-10-02 16:02:06,9.3627,17.366,85.12,69,84,1.7
63,Bakel,SN,2021-10-02 16:02:07,14.905,-12.4568,95.94,39,98,7.45
64,Opuwo,NA,2021-10-02 16:02:07,-18.0607,13.84,83.46,6,10,19.95
65,Kodiak,US,2021-10-02 16:02:07,57.79,-152.4072,36.91,52,90,19.57
66,Ternate,ID,2021-10-02 16:02:08,0.8,127.4,80.42,76,100,0.74
67,Niono,ML,2021-10-02 16:02:08,14.2526,-5.993,98.22,27,15,8.21
68,Saint-Augustin,CA,2021-10-02 16:02:08,51.226,-58.6502,46.09,92,100,13.62
69,Nizhneangarsk,RU,2021-10-02 16:02:09,55.7833,109.55,35.42,66,56,5.06
70,Gorontalo,ID,2021-10-02 16:02:09,0.5412,123.0595,75.9,96,100,2.71
71,Port Hedland,AU,2021-10-02 16:02:09,-20.3167,118.5667,66.25,82,3,8.05
72,Wairoa,NZ,2021-10-02 16:02:10,-39.0333,177.3667,45.55,96,43,3.0
73,Sinnamary,GF,2021-10-02 16:02:10,5.3833,-52.95,84.51,70,89,9.1
74,Punta Arenas,CL,2021-10-02 16:02:11,-53.15,-70.9167,41.11,75,100,16.31
75,Nikolskoye,RU,2021-10-02 16:02:11,59.7035,30.7861,51.69,83,78,5.26
76,Sitka,US,2021-10-02 16:02:11,57.0531,-135.33,48.09,81,90,19.57
77,Port Hawkesbury,CA,2021-10-02 16:02:11,45.6169,-61.3485,59.92,74,37,5.99
78,Jaisalmer,IN,2021-10-02 16:02:12,26.9147,70.9181,91.09,43,31,9.98
79,Cherskiy,RU,2021-10-02 16:02:12,68.75,161.3,23.18,96,99,7.61
80,Atuona,PF,2021-10-02 16:02:13,-9.8,-139.0333,77.88,74,42,22.73
81,Aklavik,CA,2021-10-02 16:02:13,68.2191,-135.0107,36.32,98,100,12.88
82,Vila,PT,2021-10-02 16:02:13,42.0304,-8.1588,58.08,92,100,10.31
83,Wad Madani,SD,2021-10-02 16:02:14,14.4012,33.5199,96.39,18,100,0.69
84,Alofi,NU,2021-10-02 16:02:14,-19.0595,-169.9187,77.05,75,100,24.85
85,Zhigansk,RU,2021-10-02 16:02:14,66.7697,123.3711,27.05,84,13,10.96
86,Katherine,AU,2021-10-02 16:02:15,-14.4667,132.2667,82.72,61,88,5.75
87,Nanortalik,GL,2021-10-02 16:02:15,60.1432,-45.2371,44.01,55,0,11.36
88,Cayeli,TR,2021-10-02 16:02:15,41.0923,40.7292,63.68,84,65,2.39
89,Butaritari,KI,2021-10-02 16:02:16,3.0707,172.7902,82.58,70,98,22.73
90,Jawhar,SO,2021-10-02 16:02:16,2.7809,45.5005,78.64,76,62,14.94
91,Shimoda,JP,2021-10-02 16:02:16,34.6667,138.95,69.1,83,2,3.87
92,Acajutla,SV,2021-10-02 16:02:17,13.5928,-89.8275,84.67,65,71,2.95
93,Chokurdakh,RU,2021-10-02 16:02:17,70.6333,147.9167,3.67,97,25,4.52
94,Buala,SB,2021-10-02 16:02:17,-8.145,159.5921,79.65,81,97,2.91
95,Damietta,EG,2021-10-02 16:02:18,31.4165,31.8133,76.26,73,0,16.96
96,Georgetown,MY,2021-10-02 16:01:24,5.4112,100.3354,81.9,82,20,0.0
97,Norman Wells,CA,2021-10-02 16:02:18,65.282,-126.8329,34.2,93,100,0.87
98,Vossevangen,NO,2021-10-02 16:02:18,60.623,6.4229,53.62,66,100,5.57
99,Urusha,RU,2021-10-02 16:02:19,54.05,122.9,28.38,80,8,3.29
100,Mackay,AU,2021-10-02 16:02:19,-21.15,149.2,67.05,93,1,7.63
101,Port-Gentil,GA,2021-10-02 16:02:19,-0.7193,8.7815,78.42,83,84,12.01
102,Saint-Pierre,RE,2021-10-02 16:02:20,-21.3393,55.4781,73.08,73,0,6.91
103,Marawi,PH,2021-10-02 16:02:20,7.9986,124.2928,66.65,95,97,1.52
104,Sao Joao Da Barra,BR,2021-10-02 16:02:20,-21.6403,-41.0511,79.52,71,87,9.69
105,Rawson,AR,2021-10-02 16:02:21,-43.3002,-65.1023,48.06,62,100,35.21
106,Fagersta,SE,2021-10-02 16:02:21,60.0042,15.7932,54.19,90,100,10.13
107,Bilma,NE,2021-10-02 16:02:22,18.6853,12.9164,96.66,11,0,2.26
108,Hay River,CA,2021-10-02 16:01:50,60.8156,-115.7999,49.51,59,100,12.33
109,Lebu,CL,2021-10-02 16:02:22,-37.6167,-73.65,50.45,58,62,13.35
110,Dauphin,CA,2021-10-02 16:02:22,51.1494,-100.0502,59.97,49,18,8.08
111,Hofn,IS,2021-10-02 16:02:23,64.2539,-15.2082,47.3,73,100,18.12
112,Santo Antonio Do Leverger,BR,2021-10-02 16:02:23,-15.8656,-56.0767,100.78,22,2,10.49
113,Srednekolymsk,RU,2021-10-02 16:02:23,67.45,153.6833,20.66,93,95,8.7
114,Ouadda,CF,2021-10-02 16:02:24,8.0777,22.4007,73.08,88,100,6.38
115,Phanat Nikhom,TH,2021-10-02 16:02:24,13.4458,101.1844,86.29,88,99,3.74
116,Labuhan,ID,2021-10-02 16:02:24,-6.8844,112.2051,78.87,73,100,12.12
117,Punta De Piedra,VE,2021-10-02 16:02:25,7.6176,-71.4916,88.79,54,92,3.09
118,Saint-Georges,GD,2021-10-02 16:02:25,12.0564,-61.7485,85.64,68,54,18.41
119,Vardo,NO,2021-10-02 16:02:25,70.3705,31.1107,48.51,83,98,25.57
120,Ivanava,BY,2021-10-02 16:02:26,52.1451,25.5365,51.21,64,54,9.51
121,Kirkland Lake,CA,2021-10-02 16:02:26,48.1446,-80.0377,58.03,94,100,3.22
122,Hasaki,JP,2021-10-02 16:02:26,35.7333,140.8333,68.4,75,57,5.66
123,Dingzhou,CN,2021-10-02 16:02:27,38.5131,114.9956,67.98,89,100,2.59
124,Clyde River,CA,2021-10-02 16:02:27,70.4692,-68.5914,38.98,86,100,5.82
125,Srikakulam,IN,2021-10-02 16:02:28,18.3,83.9,81.27,81,49,5.06
126,Ambulu,ID,2021-10-02 16:02:28,-8.345,113.6058,76.42,83,99,2.55
127,Carnarvon,AU,2021-10-02 16:02:28,-24.8667,113.6333,65.34,63,0,15.86
128,Kotelnich,RU,2021-10-02 16:02:29,58.3089,48.348,45.43,89,100,4.05
129,Hithadhoo,MV,2021-10-02 16:02:29,-0.6,73.0833,83.1,74,44,9.64
130,Grudziadz,PL,2021-10-02 16:02:29,53.4841,18.7537,64.94,86,100,6.22
131,Mar Del Plata,AR,2021-10-02 16:02:30,-38.0023,-57.5575,57.13,1,91,15.99
132,Bengkulu,ID,2021-10-02 16:02:30,-3.8004,102.2655,77.27,91,89,7.2
133,Caravelas,BR,2021-10-02 16:02:30,-17.7125,-39.2481,85.14,57,4,13.6
134,Teya,RU,2021-10-02 16:02:31,60.3778,92.6267,32.79,95,99,2.42
135,Qaanaaq,GL,2021-10-02 16:02:31,77.484,-69.3632,26.06,84,100,12.93
136,Prince Rupert,CA,2021-10-02 16:02:31,54.3161,-130.3201,48.29,87,90,12.66
137,Meulaboh,ID,2021-10-02 16:02:32,4.1363,96.1285,77.27,83,99,1.34
138,Avarua,CK,2021-10-02 16:02:32,-21.2078,-159.775,71.65,94,75,3.44
139,Sawai Madhopur,IN,2021-10-02 16:02:33,25.9833,76.3667,81.73,73,9,4.18
140,Saskylakh,RU,2021-10-02 16:02:33,71.9167,114.0833,18.09,98,100,3.18
141,Puerto Baquerizo Moreno,EC,2021-10-02 16:02:33,-0.9,-89.6,69.49,88,91,9.98
142,Cidreira,BR,2021-10-02 16:02:34,-30.1811,-50.2056,66.87,67,79,8.86
143,Pandan Niog,PH,2021-10-02 16:02:34,6.2282,120.5631,83.57,73,93,5.48
144,Utete,TZ,2021-10-02 16:02:34,-7.986,38.758,77.36,62,41,10.74
145,Merauke,ID,2021-10-02 16:01:11,-8.4667,140.3333,77.68,85,63,7.54
146,Tazovskiy,RU,2021-10-02 16:02:35,67.4667,78.7,30.43,77,99,15.39
147,Monterey,US,2021-10-02 16:02:35,36.2505,-121.2516,50.2,22,0,1.83
148,Barrow,US,2021-10-02 16:00:44,71.2906,-156.7887,28.42,74,90,20.71
149,Puerto Ayora,EC,2021-10-02 16:02:36,-0.7393,-90.3518,71.44,83,94,9.13
150,Suluq,LY,2021-10-02 16:02:36,31.6682,20.2521,78.8,41,19,16.31
151,Muisne,EC,2021-10-02 16:02:36,0.6,-80.0333,77.43,81,95,9.44
152,Celestun,MX,2021-10-02 16:02:37,20.8667,-90.4,86.23,59,77,5.1
153,Bay Roberts,CA,2021-10-02 16:02:37,47.5999,-53.2648,66.06,73,100,8.01
154,Bayir,TR,2021-10-02 16:02:37,37.2687,28.2167,70.32,37,9,4.47
155,Antananarivo,MG,2021-10-02 16:02:37,-18.9137,47.5361,64.36,59,20,11.5
156,Road Town,VG,2021-10-02 16:02:38,18.4167,-64.6167,86.2,74,100,19.55
157,Porto Santo,PT,2021-10-02 16:02:38,33.072,-16.3415,75.11,64,40,12.66
158,San Patricio,US,2021-10-02 16:02:38,28.017,-97.5169,81.05,66,85,6.71
159,Hobyo,SO,2021-10-02 16:02:39,5.3505,48.5268,79.32,81,2,22.66
160,Chifeng,CN,2021-10-02 16:02:39,42.2683,118.9636,62.82,69,99,14.72
161,Kamenka,RU,2021-10-02 16:02:39,51.3223,42.7678,53.22,60,89,1.59
162,Mafinga,TZ,2021-10-02 16:02:40,-7.25,35.0667,84.45,20,27,7.34
163,Nizhniy Tsasuchey,RU,2021-10-02 16:02:40,50.5167,115.1333,36.95,67,100,8.66
164,Les Cayes,HT,2021-10-02 16:02:41,18.2,-73.75,88.66,54,24,11.32
165,Port Alfred,ZA,2021-10-02 16:02:41,-33.5906,26.891,58.12,62,44,35.5
166,San Cristobal,VE,2021-10-02 16:02:41,7.7669,-72.225,83.66,46,97,8.05
167,Lecce,IT,2021-10-02 16:02:42,40.2167,18.1667,72.86,55,90,3.31
168,Hualmay,PE,2021-10-02 16:02:42,-11.0964,-77.6139,67.19,70,57,8.16
169,Geraldton,AU,2021-10-02 16:02:43,-28.7667,114.6,62.13,77,75,6.91
170,Ilulissat,GL,2021-10-02 16:02:43,69.2167,-51.1,26.64,93,16,2.48
171,Hambantota,LK,2021-10-02 16:02:43,6.1241,81.1185,77.34,100,20,2.3
172,Erzin,TR,2021-10-02 16:02:43,36.9559,36.2,82.92,47,0,3.62
173,Mandalgovi,MN,2021-10-02 16:02:44,45.7625,106.2708,33.84,74,100,17.92
174,Ostersund,SE,2021-10-02 16:02:44,63.1792,14.6357,49.6,93,75,17.27
175,Mont-De-Marsan,FR,2021-10-02 16:02:44,44.0,-0.6667,78.62,73,0,3.0
176,Malm,NO,2021-10-02 16:02:45,64.0721,11.2172,58.84,70,42,12.88
177,Brigantine,US,2021-10-02 16:02:45,39.4101,-74.3646,76.01,59,1,9.22
178,Kahului,US,2021-10-02 16:02:45,20.8947,-156.47,77.85,84,22,13.0
179,Talnakh,RU,2021-10-02 16:02:46,69.4865,88.3972,18.45,92,86,2.82
180,Tecoanapa,MX,2021-10-02 16:02:46,16.5167,-98.75,84.92,68,41,3.44
181,Tahta,EG,2021-10-02 16:02:47,26.7693,31.5021,84.47,28,0,13.98
182,Puerto Del Rosario,ES,2021-10-02 16:02:47,28.5004,-13.8627,82.08,73,0,17.27
183,Dawson Creek,CA,2021-10-02 16:00:29,55.7666,-120.2362,48.99,54,81,14.38
184,Farafangana,MG,2021-10-02 16:02:48,-22.8167,47.8333,73.13,83,0,17.47
185,Viedma,AR,2021-10-02 16:02:48,-40.8135,-62.9967,57.58,43,94,21.23
186,Alanya,TR,2021-10-02 16:00:25,36.5438,31.9998,75.7,44,13,2.26
187,Behbahan,IR,2021-10-02 16:02:48,30.5959,50.2417,96.33,9,0,9.26
188,Gizo,SB,2021-10-02 16:02:49,-8.103,156.8419,82.15,74,100,3.69
189,Christchurch,NZ,2021-10-02 15:59:44,-43.5333,172.6333,48.0,87,100,0.0
190,Hirara,JP,2021-10-02 16:02:49,24.8,125.2833,81.37,69,8,15.61
191,Tuktoyaktuk,CA,2021-10-02 16:02:50,69.4541,-133.0374,32.72,92,98,14.94
192,Pincher Creek,CA,2021-10-02 16:02:50,49.4833,-113.952,54.28,32,100,14.94
193,Marzuq,YE,2021-10-02 16:02:50,14.4,46.4667,80.62,47,100,10.09
194,Nakambala,ZM,2021-10-02 16:02:51,-15.8324,27.7799,87.6,26,55,9.89
195,Jamestown,US,2021-10-02 16:02:51,42.097,-79.2353,71.19,58,1,5.99
196,Carora,VE,2021-10-02 16:02:51,10.1755,-70.0827,90.95,39,83,2.98
197,Bethel,US,2021-10-02 16:02:52,41.3712,-73.414,71.65,69,1,1.01
198,Tezu,IN,2021-10-02 16:02:52,27.9167,96.1667,74.03,93,1,3.85
199,Eldorado,BR,2021-10-02 16:02:53,-23.7869,-54.2836,76.08,60,93,8.61
200,Chimbote,PE,2021-10-02 16:02:53,-9.0853,-78.5783,66.79,74,83,8.1
201,Ponta Do Sol,PT,2021-10-02 16:02:53,32.6667,-17.1,79.72,74,0,1.95
202,Ugoofaaru,MV,2021-10-02 16:02:54,5.6667,73.0,81.14,80,99,13.58
203,Kaitangata,NZ,2021-10-02 16:02:54,-46.2817,169.8464,53.92,60,100,5.53
204,Letlhakane,BW,2021-10-02 16:02:54,-21.4167,25.5833,88.59,15,36,9.75
205,Escanaba,US,2021-10-02 16:02:55,45.7453,-87.0646,68.43,92,90,5.75
206,Dhanera,IN,2021-10-02 16:02:55,24.5167,72.0167,82.78,67,20,5.82
207,Ancud,CL,2021-10-02 16:02:55,-41.8697,-73.8203,49.12,57,53,10.16
208,Grand Gaube,MU,2021-10-02 16:02:56,-20.0064,57.6608,74.37,70,4,11.01
209,Henties Bay,NA,2021-10-02 16:02:56,-22.116,14.2845,60.85,81,2,14.61
210,Faya,SA,2021-10-02 16:02:57,18.3851,42.4509,72.12,47,91,3.87
211,Alakurtti,RU,2021-10-02 16:02:57,66.9672,30.3491,49.62,89,100,6.2
212,Luanda,AO,2021-10-02 16:02:16,-8.8368,13.2343,73.94,76,11,15.99
213,Bakreswar,IN,2021-10-02 16:02:58,23.8833,87.3667,84.06,85,82,3.51
214,College,US,2021-10-02 16:02:58,64.8569,-147.8028,31.21,94,90,3.44
215,Bar-Le-Duc,FR,2021-10-02 16:02:58,48.75,5.1667,73.58,57,100,17.78
216,Rocha,UY,2021-10-02 16:02:59,-34.4833,-54.3333,66.94,46,0,11.14
217,High Level,CA,2021-10-02 16:02:59,58.5169,-117.136,50.97,46,100,10.16
218,Iquitos,PE,2021-10-02 15:58:19,-3.7481,-73.2472,87.84,70,40,5.75
219,Kilindoni,TZ,2021-10-02 16:03:00,-7.9139,39.6668,77.4,73,76,12.59
220,Arraial Do Cabo,BR,2021-10-02 16:00:19,-22.9661,-42.0278,74.21,86,43,5.79
221,Yantal,RU,2021-10-02 16:03:00,56.8471,105.2542,34.97,97,100,4.97
222,Ust-Maya,RU,2021-10-02 16:03:01,60.4167,134.5333,27.73,93,60,1.45
223,At-Bashi,KG,2021-10-02 16:03:01,41.1702,75.8106,42.13,95,98,5.3
224,Lorengau,PG,2021-10-02 16:03:01,-2.0226,147.2712,79.77,76,9,1.66
225,Trairi,BR,2021-10-02 15:58:43,-3.2778,-39.2689,87.62,54,95,18.14
226,Grindavik,IS,2021-10-02 16:03:02,63.8424,-22.4338,44.91,81,75,26.46
227,Mayo,US,2021-10-02 16:03:02,38.8876,-76.5119,76.1,70,1,3.0
228,Saint-Philippe,RE,2021-10-02 16:03:03,-21.3585,55.7679,72.99,81,41,11.54
229,Necochea,AR,2021-10-02 16:03:03,-38.5473,-58.7368,55.04,69,100,11.72
230,Sioux Lookout,CA,2021-10-02 16:03:03,50.1001,-91.917,59.07,94,90,5.75
231,Tuatapere,NZ,2021-10-02 16:03:04,-46.1333,167.6833,50.83,89,100,3.58
232,Luderitz,NA,2021-10-02 16:03:04,-26.6481,15.1594,63.07,58,0,31.7
233,Nuevo Progreso,MX,2021-10-02 16:03:05,23.1667,-97.95,78.48,79,96,1.28
234,Hami,CN,2021-10-02 16:03:05,42.8,93.45,55.6,33,100,26.37
235,Boysun,UZ,2021-10-02 16:03:05,38.2061,67.1986,56.16,48,0,2.8
236,Antalaha,MG,2021-10-02 16:03:06,-14.9003,50.2788,71.37,83,9,8.03
237,Umm Lajj,SA,2021-10-02 16:03:06,25.0213,37.2685,82.69,70,4,11.27
238,Tabou,CI,2021-10-02 16:03:06,4.423,-7.3528,79.7,80,84,9.44
239,Esperance,AU,2021-10-02 16:03:07,-33.8667,121.9,56.7,68,33,20.0
240,Fare,PF,2021-10-02 16:03:07,-16.7,-151.0167,78.94,70,8,19.6
241,Luis Correia,BR,2021-10-02 16:03:07,-2.8792,-41.6669,89.6,62,20,18.41
242,Ponta Delgada,PT,2021-10-02 16:03:08,37.7333,-25.6667,74.12,83,40,16.11
243,Roald,NO,2021-10-02 16:03:08,62.5833,6.1333,60.33,67,0,3.44
244,Thompson,CA,2021-10-02 16:03:08,55.7435,-97.8558,57.61,52,49,3.74
245,Sukumo,JP,2021-10-02 16:03:09,32.9333,132.7333,66.24,68,0,3.85
246,Kokstad,ZA,2021-10-02 16:00:29,-30.5472,29.4241,55.04,78,46,5.1
247,Bilibino,RU,2021-10-02 16:03:09,68.0546,166.4372,15.4,95,100,2.17
248,Kruisfontein,ZA,2021-10-02 16:03:10,-34.0033,24.7314,51.89,62,100,25.72
249,San Quintin,MX,2021-10-02 16:03:10,30.4833,-115.95,77.72,44,98,1.19
250,Rundu,NA,2021-10-02 16:03:10,-17.9333,19.7667,90.81,9,0,6.58
251,Ulaanbaatar,MN,2021-10-02 16:03:11,47.9077,106.8832,30.24,88,91,11.12
252,Kingaroy,AU,2021-10-02 16:03:11,-26.5333,151.8333,55.71,62,90,3.18
253,Marystown,CA,2021-10-02 16:03:11,47.1666,-55.1483,62.85,100,1,3.0
254,Hashtrud,IR,2021-10-02 16:03:12,37.4779,47.0508,59.38,42,0,6.87
255,Egvekinot,RU,2021-10-02 16:03:12,66.3167,-179.1667,6.55,87,7,3.0
256,Hokitika,NZ,2021-10-02 16:03:12,-42.7167,170.9667,46.89,85,100,3.98
257,Simplicio Mendes,BR,2021-10-02 16:03:13,-7.8539,-41.9103,100.45,20,20,8.19
258,Ishim,RU,2021-10-02 16:03:13,56.1128,69.4902,36.9,66,100,6.38
259,Codrington,AU,2021-10-02 16:03:13,-38.2667,141.9667,46.6,97,19,6.73
260,Pekalongan,ID,2021-10-02 16:03:14,-6.8886,109.6753,75.02,78,84,6.08
261,Kloulklubed,PW,2021-10-02 16:03:14,7.0419,134.2556,81.1,78,100,15.79
262,Kichera,RU,2021-10-02 16:03:14,55.9375,110.0997,34.23,74,29,4.34
263,Fairbanks,US,2021-10-02 16:03:15,64.8378,-147.7164,31.23,94,90,5.75
264,Belyy Yar,RU,2021-10-02 16:03:15,53.6039,91.3903,37.29,81,0,6.71
265,Det Udom,TH,2021-10-02 16:03:15,14.906,105.0784,82.04,89,62,4.56
266,Tual,ID,2021-10-02 16:03:16,-5.6667,132.75,80.69,76,100,6.04
267,Biltine,TD,2021-10-02 16:03:16,14.5333,20.9167,96.64,14,0,5.99
268,Ballina,AU,2021-10-02 16:03:16,-28.8667,153.5667,56.79,71,12,8.72
269,Ornskoldsvik,SE,2021-10-02 16:03:17,63.2909,18.7153,51.62,93,90,19.57
270,Lithgow,AU,2021-10-02 16:03:17,-33.4833,150.15,49.48,94,33,8.63
271,Birao,CF,2021-10-02 16:03:17,10.2849,22.7882,82.94,66,100,2.51
272,Ilek,RU,2021-10-02 16:03:18,51.5271,53.3831,51.84,57,99,6.98
273,Poquoson,US,2021-10-02 15:59:20,37.1224,-76.3458,77.02,69,5,1.01
274,Mocuba,MZ,2021-10-02 16:03:18,-16.8392,36.9856,90.72,30,33,7.31
275,Fort Nelson,CA,2021-10-02 16:00:28,58.8053,-122.7002,45.88,61,100,7.54
276,Srednyaya Akhtuba,RU,2021-10-02 16:03:19,48.7089,44.8667,49.66,36,0,6.08
277,Nokaneng,BW,2021-10-02 16:03:19,-19.6667,22.2667,89.85,9,0,8.41
278,Taksimo,RU,2021-10-02 16:02:57,56.3444,114.8794,30.69,76,35,2.75
279,Maceio,BR,2021-10-02 15:59:42,-9.6658,-35.7353,87.24,70,75,9.22
280,Ikauna,IN,2021-10-02 16:03:20,27.55,81.9667,76.42,91,1,3.44
281,Port Maria,JM,2021-10-02 16:03:20,18.3685,-76.8895,88.97,76,14,10.09
282,Kamaishi,JP,2021-10-02 16:03:20,39.2667,141.8833,60.17,81,55,8.19
283,Iberia,US,2021-10-02 16:03:21,29.9502,-91.7507,80.67,94,40,4.61
284,Touros,BR,2021-10-02 16:03:21,-5.1989,-35.4608,86.9,59,6,16.51
285,Shenjiamen,CN,2021-10-02 16:03:21,29.9576,122.298,75.52,75,0,13.94
286,Half Moon Bay,US,2021-10-02 15:59:59,37.4636,-122.4286,76.95,76,12,2.57
287,Namatanai,PG,2021-10-02 16:03:22,-3.6667,152.4333,79.09,79,95,4.36
288,Isla Mujeres,MX,2021-10-02 16:03:23,21.2311,-86.731,87.85,68,17,12.59
289,Torbay,CA,2021-10-02 16:03:23,47.6666,-52.7314,65.28,74,100,3.0
290,Broome,US,2021-10-02 16:03:23,42.2506,-75.833,71.06,62,1,1.99
291,Campbell River,CA,2021-10-02 16:03:24,50.0163,-125.2446,51.26,100,100,4.12
292,Aykhal,RU,2021-10-02 16:03:24,66.0,111.5,27.93,51,78,2.24
293,Naryan-Mar,RU,2021-10-02 16:03:24,67.6713,53.087,36.12,78,100,4.79
294,Ciudad Bolivar,VE,2021-10-02 16:03:25,8.1222,-63.5497,91.49,45,4,8.59
295,Inhambane,MZ,2021-10-02 16:03:25,-23.865,35.3833,74.71,82,97,18.19
296,Bambous Virieux,MU,2021-10-02 16:03:26,-20.3428,57.7575,74.21,77,45,14.16
297,Santiago Del Estero,AR,2021-10-02 16:03:26,-27.7951,-64.2615,74.68,53,95,9.1
298,Kurtalan,TR,2021-10-02 16:03:26,37.9272,41.7028,75.42,25,7,4.07
299,Ayagoz,KZ,2021-10-02 16:03:27,47.9714,80.4392,36.52,63,93,4.56
300,Asfi,MA,2021-10-02 16:02:45,32.2994,-9.2372,74.43,60,11,18.92
301,Oyama,JP,2021-10-02 16:03:27,36.3,139.8,74.59,74,0,4.9
302,Pangnirtung,CA,2021-10-02 16:03:28,66.1451,-65.7125,41.54,68,35,2.26
303,Bowen,AU,2021-10-02 16:03:28,-20.0167,148.2333,72.72,91,4,2.91
304,Valreas,FR,2021-10-02 16:03:28,44.3837,4.9908,73.89,54,79,11.34
305,Aborlan,PH,2021-10-02 16:03:28,9.4352,118.5492,80.02,83,100,4.47
306,Gejiu,CN,2021-10-02 16:03:29,23.306,103.1635,56.5,97,70,3.22
307,Orel-Izumrud,RU,2021-10-02 16:03:29,43.4583,39.9244,64.42,67,20,4.0
308,Lypova Dolyna,UA,2021-10-02 16:03:30,50.5643,33.7979,49.78,60,0,6.89
309,Severo-Kurilsk,RU,2021-10-02 16:03:30,50.6789,156.125,48.16,96,100,21.92
310,Asau,RO,2021-10-02 16:03:30,46.4333,26.4,54.52,64,10,2.28
311,Teguise,ES,2021-10-02 16:03:31,29.0605,-13.564,79.02,57,0,19.57
312,North Platte,US,2021-10-02 16:03:31,41.1239,-100.7654,61.32,94,90,8.05
313,Cham,DE,2021-10-02 16:03:32,49.245,12.6825,66.6,62,37,2.1
314,Huangchuan,CN,2021-10-02 16:03:32,32.1272,115.0394,77.59,64,60,6.53
315,Palaikastron,GR,2021-10-02 16:03:32,35.2,26.25,70.75,66,40,28.19
316,Matara,LK,2021-10-02 16:03:33,5.9485,80.5353,77.88,89,12,7.34
317,Namibe,AO,2021-10-02 16:03:33,-15.1961,12.1522,65.55,71,1,8.59
318,Sterling,US,2021-10-02 15:58:49,39.0062,-77.4286,74.98,74,1,3.0
319,Solwezi,ZM,2021-10-02 16:03:34,-12.1688,26.3894,71.53,62,97,5.14
320,Los Llanos De Aridane,ES,2021-10-02 16:03:34,28.6585,-17.9182,74.95,73,40,14.97
321,Mahebourg,MU,2021-10-02 16:03:34,-20.4081,57.7,74.25,77,54,14.43
322,Youghal,IE,2021-10-02 16:03:35,51.95,-7.8506,56.08,70,66,14.58
323,Albacete,ES,2021-10-02 16:03:35,38.8333,-2.0,80.19,44,0,9.22
324,Cabo San Lucas,MX,2021-10-02 16:03:35,22.8909,-109.9124,80.15,88,90,3.44
325,Nouadhibou,MR,2021-10-02 16:03:36,20.931,-17.0347,78.19,64,50,12.62
326,Pacific Grove,US,2021-10-02 16:03:36,36.6177,-121.9166,77.63,82,1,0.0
327,Mtinko,TZ,2021-10-02 16:03:36,-4.55,34.85,76.68,25,64,7.78
328,Lata,PT,2021-10-02 16:03:37,40.1629,-8.3327,75.49,65,100,9.78
329,Saldanha,ZA,2021-10-02 16:03:37,-33.0117,17.9442,55.8,60,7,21.34
330,Kermanshah,IR,2021-10-02 16:00:21,34.3142,47.065,77.9,8,20,0.0
331,Scottsboro,US,2021-10-02 16:03:13,34.6723,-86.0341,76.91,94,1,0.0
332,Trelew,AR,2021-10-02 16:01:55,-43.249,-65.3051,50.29,48,100,32.86
333,Husavik,IS,2021-10-02 16:03:40,66.0449,-17.3389,41.83,98,100,24.61
334,Sorland,NO,2021-10-02 16:03:40,67.667,12.6934,49.93,80,100,5.08
335,Hargeysa,SO,2021-10-02 16:03:41,9.56,44.065,77.54,52,82,9.37
336,Ales,FR,2021-10-02 16:03:41,44.1333,4.0833,74.1,65,86,10.65
337,Whitehorse,CA,2021-10-02 16:03:42,60.7161,-135.0538,41.02,75,90,15.01
338,Ubinskoye,RU,2021-10-02 16:03:42,55.3068,79.6802,33.4,87,100,8.39
339,Pozo Colorado,PY,2021-10-02 16:03:42,-23.4923,-58.7972,98.04,33,13,8.46
340,Yenagoa,NG,2021-10-02 16:03:43,4.9247,6.2642,80.76,83,97,5.55
341,Areka,ET,2021-10-02 16:03:43,7.0667,37.7,61.59,94,100,2.24
342,Belaya Gora,RU,2021-10-02 16:03:43,68.5333,146.4167,17.28,90,92,5.57
343,Ghanzi,BW,2021-10-02 16:03:44,-21.5667,21.7833,82.83,11,0,12.44
344,Margate,GB,2021-10-02 16:01:38,51.3813,1.3862,58.87,93,100,7.0
345,Te Anau,NZ,2021-10-02 16:03:44,-45.4167,167.7167,44.37,89,100,1.01
346,Conceicao Do Araguaia,BR,2021-10-02 16:01:30,-8.2578,-49.2647,89.11,49,50,9.53
347,Provideniya,RU,2021-10-02 16:03:45,64.3833,-173.3,21.56,79,4,6.58
348,Yekaterinovka,RU,2021-10-02 16:03:45,52.0508,44.3451,53.17,65,100,3.33
349,Xai-Xai,MZ,2021-10-02 16:03:45,-25.0519,33.6442,77.9,59,76,7.7
350,Ushumun,RU,2021-10-02 16:03:46,52.7833,126.5333,30.76,74,13,3.76
351,Baiyin,CN,2021-10-02 16:03:46,36.5583,104.2081,65.8,60,100,5.59
352,Agadez,NE,2021-10-02 16:03:46,19.75,10.25,92.14,13,0,7.83
353,Mount Isa,AU,2021-10-02 16:03:47,-20.7333,139.5,60.57,27,0,4.61
354,Lasa,IT,2021-10-02 16:03:47,46.6166,10.7002,64.31,77,85,5.28
355,Nabire,ID,2021-10-02 16:03:47,-3.3667,135.4833,76.15,92,100,3.47
356,Kiunga,PG,2021-10-02 16:03:48,-6.1219,141.2906,73.38,100,94,0.63
357,Varhaug,NO,2021-10-02 16:03:48,58.6147,5.6457,57.78,71,92,21.47
358,Kulhudhuffushi,MV,2021-10-02 16:03:49,6.6221,73.07,82.09,78,100,15.59
359,Belmonte,BR,2021-10-02 16:03:49,-15.8631,-38.8828,84.7,63,27,13.42
360,Atar,MR,2021-10-02 16:03:49,20.5169,-13.0499,106.07,9,31,9.78
361,Udachnyy,RU,2021-10-02 16:03:50,66.4167,112.4,28.99,59,69,2.33
362,Gorom-Gorom,BF,2021-10-02 16:03:50,14.4439,-0.2361,100.6,17,4,6.98
363,Mahibadhoo,MV,2021-10-02 16:03:50,3.7833,72.9667,82.42,77,73,14.14
364,Santa Barbara,US,2021-10-02 16:03:51,34.7333,-120.0343,79.34,13,0,1.41
365,Qaqortoq,GL,2021-10-02 16:03:51,60.7167,-46.0333,45.1,40,4,6.04
366,Melekhovo,RU,2021-10-02 16:03:52,56.2773,41.2935,43.56,76,15,1.5
367,Parauna,BR,2021-10-02 16:03:52,-16.9478,-50.4486,94.21,29,19,7.14
368,Katsuura,JP,2021-10-02 16:03:52,35.1333,140.3,70.2,82,1,6.29
369,Kiruna,SE,2021-10-02 16:03:53,67.8557,20.2251,47.32,87,90,16.11
370,Korla,CN,2021-10-02 16:03:53,41.7597,86.1469,59.32,30,93,19.06
371,Kapit,MY,2021-10-02 16:03:54,2.0167,112.9333,73.09,99,86,0.83
372,Kavieng,PG,2021-10-02 16:03:54,-2.5744,150.7967,81.32,73,83,6.38
373,Kargil,IN,2021-10-02 16:03:54,34.5667,76.1,53.06,48,22,8.77
374,Bagru,IN,2021-10-02 16:03:55,26.8088,75.5423,77.34,65,45,6.31
375,Leh,IN,2021-10-02 16:03:55,34.1667,77.5833,57.54,42,16,5.91
376,Faanui,PF,2021-10-02 16:03:55,-16.4833,-151.75,79.21,69,29,19.04
377,Beloha,MG,2021-10-02 16:03:56,-25.1667,45.05,75.47,56,31,6.69
378,Kathu,TH,2021-10-02 16:03:56,7.9178,98.3332,84.69,92,100,3.94
379,Chimore,BO,2021-10-02 16:03:56,-16.9833,-65.1333,100.62,28,5,6.76
380,Orje,NO,2021-10-02 16:03:57,59.4802,11.6602,53.8,98,100,6.69
381,Westport,US,2021-10-02 16:03:57,41.1415,-73.3579,73.89,63,1,1.01
382,Schoneiche,DE,2021-10-02 16:03:57,52.4667,13.6833,67.33,64,20,8.05
383,Airai,TL,2021-10-02 16:03:58,-8.9266,125.4092,60.57,90,100,0.49
384,Vestmanna,FO,2021-10-02 16:03:58,62.1564,-7.1664,49.12,93,75,16.11
385,Ormara,PK,2021-10-02 16:03:59,25.2088,64.6357,83.52,77,26,5.08
386,Anadyr,RU,2021-10-02 16:01:11,64.75,177.4833,26.01,73,79,5.99
387,Dwarka,IN,2021-10-02 16:03:59,22.2394,68.9678,82.24,80,85,5.97
388,Kristiinankaupunki,FI,2021-10-02 16:03:59,62.2743,21.376,52.66,75,14,15.03
389,Delta Del Tigre,UY,2021-10-02 16:04:00,-34.7633,-56.3853,71.71,32,0,20.71
390,Montelibano,CO,2021-10-02 16:04:00,7.9829,-75.4229,82.4,80,84,2.01
391,Amuntai,ID,2021-10-02 16:04:01,-2.4177,115.2494,72.75,98,86,2.21
392,Valdivia,CL,2021-10-02 16:02:33,-39.8142,-73.2459,50.38,55,54,1.63
393,Iqaluit,CA,2021-10-02 16:04:02,63.7506,-68.5145,34.7,69,7,3.0
394,Adelaide,AU,2021-10-02 16:00:03,-34.9333,138.6,66.29,64,96,4.0
395,Bonoua,CI,2021-10-02 16:04:02,5.2741,-3.595,76.62,71,80,8.61
396,Ostrovnoy,RU,2021-10-02 16:04:02,68.0531,39.5131,44.91,81,57,17.98
397,Narsaq,GL,2021-10-02 16:04:03,60.9167,-46.05,44.82,41,7,4.7
398,Mareeba,AU,2021-10-02 16:00:23,-17.0,145.4333,68.72,92,18,0.31
399,Nelson Bay,AU,2021-10-02 16:04:03,-32.7167,152.15,62.65,75,3,15.59
400,Bose,IT,2021-10-02 16:04:04,45.4612,8.0137,68.07,79,94,3.0
401,Palmer,US,2021-10-02 16:04:04,42.1584,-72.3287,70.32,58,75,1.01
402,Port Hardy,CA,2021-10-02 16:00:30,50.6996,-127.4199,48.6,96,100,15.41
403,Bekhtery,UA,2021-10-02 16:04:05,46.251,32.2927,54.0,62,100,13.91
404,Pangody,RU,2021-10-02 16:04:05,65.85,74.4859,30.38,85,100,15.32
405,Zemio,CF,2021-10-02 16:04:05,5.0314,25.1361,70.3,91,86,3.91
406,Minab,IR,2021-10-02 16:04:06,27.1467,57.0801,90.9,69,72,5.03
407,Ambalavao,MG,2021-10-02 16:04:06,-21.8333,46.9333,64.42,62,1,5.35
408,Souillac,MU,2021-10-02 16:04:06,-20.5167,57.5167,74.35,76,19,13.89
409,San Jose De Rio Tinto,HN,2021-10-02 16:04:07,14.9333,-85.7,94.57,49,69,3.91
410,Huarmey,PE,2021-10-02 16:04:07,-10.0681,-78.1522,67.23,74,47,8.57
411,Chuy,UY,2021-10-02 16:04:07,-33.6971,-53.4616,64.96,53,0,8.63
412,Bac Lieu,VN,2021-10-02 16:04:08,9.285,105.7244,80.33,85,100,8.61
413,Sukpak,RU,2021-10-02 16:04:08,51.6667,94.6333,39.02,45,100,3.53
414,Camargo,MX,2021-10-02 16:04:08,27.6667,-105.1667,74.12,56,8,3.74
415,General Roca,AR,2021-10-02 16:04:09,-39.0333,-67.5833,57.6,21,2,22.53
416,Vila Velha,BR,2021-10-02 16:04:09,-20.3297,-40.2925,87.75,58,0,18.41
417,Waipawa,NZ,2021-10-02 16:04:09,-41.4122,175.5153,51.46,88,100,4.61
418,Guerrero,MX,2021-10-02 16:04:10,17.6667,-100.0,70.65,90,88,1.66
419,Yulara,AU,2021-10-02 16:04:10,-25.2406,130.9889,71.44,23,0,16.11
420,Lubango,AO,2021-10-02 16:04:10,-14.9172,13.4925,74.71,23,2,11.52
421,Sobolevo,RU,2021-10-02 16:04:11,54.4299,31.8996,46.45,77,34,6.76
422,Quatre Cocos,MU,2021-10-02 16:04:11,-20.2078,57.7625,74.08,78,15,14.16
423,Tiksi,RU,2021-10-02 16:04:12,71.6872,128.8694,24.75,89,52,14.29
424,Maua,BR,2021-10-02 16:02:57,-23.6678,-46.4614,78.37,64,89,4.94
425,Woodward,US,2021-10-02 16:04:12,36.4337,-99.3904,68.97,77,40,6.91
426,Sonqor,IR,2021-10-02 16:04:13,34.7837,47.6004,74.21,20,6,4.52
427,Broken Hill,AU,2021-10-02 16:04:13,-31.95,141.4333,65.08,37,100,9.24
428,Mao,ES,2021-10-02 16:00:26,39.8885,4.2658,73.96,68,20,6.91
429,Sayyan,YE,2021-10-02 16:04:13,15.1718,44.3244,67.98,39,100,8.55
430,Wagar,SD,2021-10-02 16:04:14,16.1525,36.2032,99.66,17,95,7.7
431,Mudgee,AU,2021-10-02 16:00:54,-32.5943,149.5871,51.85,100,40,3.44
432,Inza,RU,2021-10-02 16:04:14,53.8533,46.3586,44.65,79,2,4.23
433,Listvyanskiy,RU,2021-10-02 16:04:14,54.4399,83.4984,33.19,81,97,10.13
434,Nha Trang,VN,2021-10-02 16:04:16,12.25,109.1833,82.4,91,30,4.38
435,Sambava,MG,2021-10-02 16:04:16,-14.2667,50.1667,73.42,81,10,11.3
436,Gustrow,DE,2021-10-02 16:04:17,53.7972,12.1734,61.99,77,75,4.61
437,Angoram,PG,2021-10-02 16:04:17,-4.0625,144.0661,73.9,98,86,0.92
438,San Andres,CO,2021-10-02 16:00:37,12.5847,-81.7006,83.79,74,34,14.09
439,Richards Bay,ZA,2021-10-02 16:04:17,-28.783,32.0377,66.85,90,100,8.9
440,Sept-Iles,CA,2021-10-02 16:01:03,50.2001,-66.3821,44.06,91,90,2.3
441,Huari,PE,2021-10-02 16:04:18,-9.3333,-77.2333,52.81,61,36,3.98
442,Ornes,NO,2021-10-02 16:04:18,66.8689,13.7078,59.11,87,100,3.2
443,Cocorit,MX,2021-10-02 16:04:19,27.5833,-109.9667,82.74,36,0,5.41
444,Achalpur,IN,2021-10-02 16:04:19,21.2572,77.5086,78.46,82,64,2.33
445,Nome,US,2021-10-02 16:04:19,64.5011,-165.4064,29.16,80,40,9.22
446,Poum,NC,2021-10-02 16:04:20,-20.2333,164.0167,73.78,84,16,18.79
447,Ketchikan,US,2021-10-02 16:00:45,55.3422,-131.6461,46.53,86,83,9.86
448,Marquette,US,2021-10-02 16:04:20,46.5333,-87.6335,68.34,80,95,1.7
449,Zhuanghe,CN,2021-10-02 16:04:20,39.7008,122.9911,67.91,92,91,10.4
450,Turukhansk,RU,2021-10-02 16:04:21,65.8167,87.9833,31.93,90,100,1.97
451,Najran,SA,2021-10-02 16:04:21,17.4924,44.1277,84.97,24,61,11.18
452,Bad Salzungen,DE,2021-10-02 16:04:22,50.8167,10.2333,68.47,54,97,1.99
453,Praia,CV,2021-10-02 16:04:22,14.9215,-23.5087,86.54,66,20,9.22
454,Botwood,CA,2021-10-02 16:04:22,49.1499,-55.3482,60.91,62,84,5.23
455,Seoul,KR,2021-10-02 16:00:12,37.5683,126.9778,69.24,76,7,2.57
456,Cervo,ES,2021-10-02 16:04:23,43.6702,-7.4101,68.2,72,100,22.37
457,Doka,SD,2021-10-02 16:04:23,13.5167,35.7667,81.32,64,76,5.66
458,Kavali,IN,2021-10-02 16:04:23,14.9167,79.9833,84.25,74,12,8.3
459,Isangel,VU,2021-10-02 16:04:24,-19.55,169.2667,72.07,96,100,6.08
460,Carbondale,US,2021-10-02 16:03:06,37.7273,-89.2168,72.03,96,90,8.05
461,Envira,BR,2021-10-02 16:04:24,-7.3,-70.2167,94.33,40,24,4.27
462,Hamilton,US,2021-10-02 16:04:25,39.1834,-84.5333,75.38,74,75,1.99
463,Coari,BR,2021-10-02 16:04:25,-4.085,-63.1414,81.5,75,100,2.21
464,The Valley,AI,2021-10-02 16:04:25,18.217,-63.0578,87.94,66,20,20.71
465,Ilo,PE,2021-10-02 16:04:26,-17.6394,-71.3375,63.46,77,90,12.66
466,Pandamatenga,BW,2021-10-02 16:04:26,-18.5278,25.627,86.56,24,68,3.96
467,Adrar,MR,2021-10-02 16:04:26,20.5022,-10.0711,103.41,6,7,10.94
468,Ursulo Galvan,MX,2021-10-02 16:04:27,22.7333,-98.3,78.08,81,100,1.7
469,Refojos De Basto,PT,2021-10-02 16:04:16,41.5132,-7.9952,64.02,92,100,10.94
470,Rietavas,LT,2021-10-02 16:04:27,55.7194,21.9311,49.46,78,19,10.27
471,Kangasala,FI,2021-10-02 16:04:27,61.4638,24.076,52.86,79,99,8.88
472,Kosh-Agach,RU,2021-10-02 16:04:28,50.0,88.6667,23.79,83,96,4.61
473,Cassilandia,BR,2021-10-02 16:04:28,-19.1133,-51.7342,100.65,24,6,10.16
474,Chilca,PE,2021-10-02 16:04:28,-12.5211,-76.7372,64.08,79,84,7.36
475,Moberly,US,2021-10-02 16:04:29,39.4184,-92.4382,69.93,90,90,5.75
476,Bonavista,CA,2021-10-02 16:04:29,48.6499,-53.1147,63.12,76,36,7.92
477,Manati,PR,2021-10-02 16:04:29,18.4275,-66.4921,90.63,76,78,10.0
478,Dalianwan,CN,2021-10-02 16:04:30,39.0286,121.695,73.44,83,75,13.42
479,Harper,LR,2021-10-02 16:04:30,4.375,-7.7169,79.65,80,98,8.28
480,Coquimbo,CL,2021-10-02 16:01:37,-29.9533,-71.3436,62.02,62,11,11.1
481,Piacabucu,BR,2021-10-02 16:04:31,-10.4056,-36.4344,83.55,63,3,12.21
482,Soyo,AO,2021-10-02 16:04:31,-6.1349,12.3689,77.38,77,75,10.42
483,Puerto Madryn,AR,2021-10-02 16:03:20,-42.7692,-65.0385,46.09,73,98,33.82
484,Sembakung,ID,2021-10-02 16:04:31,3.8167,117.25,80.53,98,100,1.45
485,Longyearbyen,SJ,2021-10-02 16:01:12,78.2186,15.6401,37.24,87,75,2.3
486,Gushikawa,JP,2021-10-02 16:04:32,26.3544,127.8686,78.03,88,75,0.0
487,Ereymentau,KZ,2021-10-02 16:04:32,51.6199,73.1033,35.22,69,100,3.69
488,Druzhnaya Gorka,RU,2021-10-02 16:04:33,59.2761,30.1425,51.08,83,98,5.41
489,Ixtapa,MX,2021-10-02 16:00:24,20.7,-105.2,82.22,81,70,1.01
490,Odweyne,SO,2021-10-02 16:04:33,9.4092,45.064,76.24,63,56,10.29
491,Kudahuvadhoo,MV,2021-10-02 16:04:34,2.6708,72.8944,82.92,74,24,13.91
492,Soyaniquilpan,MX,2021-10-02 16:04:34,19.9833,-99.5,61.43,78,76,4.65
493,Olovyannaya,RU,2021-10-02 16:04:34,50.95,115.5667,34.61,71,100,7.52
494,Letka,RU,2021-10-02 16:04:35,59.6011,49.4232,44.04,89,100,3.4
495,Itaituba,BR,2021-10-02 16:04:35,-4.2761,-55.9836,76.06,92,100,2.66
496,Djambala,CG,2021-10-02 16:04:35,-2.5447,14.7533,75.7,75,96,2.28
497,Natal,BR,2021-10-02 16:00:51,-5.795,-35.2094,85.68,57,14,13.69
498,Thayetmyo,MM,2021-10-02 16:04:36,19.3167,95.1833,76.42,97,98,5.73
499,Mount Gambier,AU,2021-10-02 16:04:36,-37.8333,140.7667,53.51,100,90,11.5
500,Srandakan,ID,2021-10-02 16:04:36,-7.9386,110.2506,76.82,78,83,5.3
501,Port Lincoln,AU,2021-10-02 16:04:37,-34.7333,135.8667,57.81,92,100,17.31
502,Vao,NC,2021-10-02 16:04:37,-22.6667,167.4833,71.1,91,100,17.02
503,Vaitape,PF,2021-10-02 16:04:37,-16.5167,-151.75,79.21,69,29,19.01
504,Yeryeri,GR,2021-10-02 16:04:38,35.1333,24.95,63.77,64,57,12.24
505,Abnub,EG,2021-10-02 16:04:38,27.2696,31.1511,83.12,31,0,11.72
506,Salalah,OM,2021-10-02 16:04:38,17.0151,54.0924,82.49,83,75,9.22
507,Antofagasta,CL,2021-10-02 16:02:35,-23.65,-70.4,68.22,56,16,10.13
508,Leningradskiy,RU,2021-10-02 16:04:39,69.3833,178.4167,12.78,74,26,12.5
509,Lompoc,US,2021-10-02 16:00:24,34.6391,-120.4579,86.13,31,0,0.78
510,Ilebo,CD,2021-10-02 16:04:39,-4.3167,20.5833,83.88,59,71,1.81
511,Yaan,NG,2021-10-02 16:04:40,7.3833,8.5667,82.45,76,83,3.4
512,Beringovskiy,RU,2021-10-02 16:04:40,63.05,179.3167,29.77,82,99,9.8
513,Kenai,US,2021-10-02 16:04:40,60.5544,-151.2583,40.14,73,90,0.0
514,Mehamn,NO,2021-10-02 16:04:41,71.0357,27.8492,50.02,84,95,18.61
515,Cockburn Town,TC,2021-10-02 16:04:41,21.4612,-71.1419,82.36,65,75,6.91
516,Pahrump,US,2021-10-02 16:04:41,36.2083,-115.9839,77.59,14,0,1.23
517,El Paso,US,2021-10-02 16:00:46,31.8001,-106.2005,71.65,50,0,2.42
518,Panzhihua,CN,2021-10-02 16:04:42,26.5851,101.7128,71.44,74,0,0.81
519,Dakoro,NE,2021-10-02 16:04:42,14.5106,6.765,97.79,10,6,0.76
520,Tessalit,ML,2021-10-02 16:04:43,20.1986,1.0114,99.43,9,92,8.95
521,Rio Claro,BR,2021-10-02 16:02:03,-22.4114,-47.5614,80.78,43,99,6.62
522,Buraydah,SA,2021-10-02 16:04:43,26.326,43.975,86.58,11,5,1.5
523,Surgut,RU,2021-10-02 16:04:43,61.25,73.4167,33.98,93,40,11.18
524,Sao Filipe,CV,2021-10-02 16:04:44,14.8961,-24.4956,79.93,80,40,7.14
525,Bandarbeyla,SO,2021-10-02 16:04:44,9.4942,50.8122,80.58,76,39,22.97
526,Bubaque,GW,2021-10-02 16:04:45,11.2833,-15.8333,82.72,71,75,4.7
527,Maniitsoq,GL,2021-10-02 16:04:45,65.4167,-52.9,39.83,76,80,10.2
528,Mugur-Aksy,RU,2021-10-02 16:04:45,50.35,90.5,18.32,81,100,6.15
529,Dudinka,RU,2021-10-02 16:04:46,69.4058,86.1778,20.48,93,94,13.49
530,Lufilufi,WS,2021-10-02 16:04:46,-13.8745,-171.5986,80.47,79,100,19.69
531,Sao Luis De Montes Belos,BR,2021-10-02 16:04:46,-16.525,-50.3722,97.59,27,19,5.7
532,Junagarh,IN,2021-10-02 16:04:47,19.8667,82.9333,77.99,89,96,2.15
533,Port Blair,IN,2021-10-02 16:04:47,11.6667,92.75,80.55,82,97,5.95
534,Basco,PH,2021-10-02 16:04:47,20.4487,121.9702,83.53,72,36,22.17
535,Manoel Urbano,BR,2021-10-02 16:04:48,-8.8389,-69.2597,97.68,34,11,5.44
536,Mehran,IR,2021-10-02 16:04:48,33.1222,46.1646,94.41,10,0,8.52
537,Coihaique,CL,2021-10-02 16:01:40,-45.5752,-72.0662,40.96,75,88,10.04
538,Tambovka,RU,2021-10-02 16:04:48,50.0969,128.0489,37.22,84,17,4.81
539,Svetlaya,RU,2021-10-02 16:04:49,46.5389,138.3297,46.74,74,14,8.28
540,Pisco,PE,2021-10-02 16:04:49,-13.7,-76.2167,68.05,68,0,12.66
541,Phangnga,TH,2021-10-02 16:04:49,8.4509,98.5298,84.9,92,100,1.32
542,Kaeo,NZ,2021-10-02 16:04:50,-35.1,173.7833,53.33,92,66,7.02
543,Juliaca,PE,2021-10-02 16:04:50,-15.5,-70.1333,62.06,23,14,2.93
544,Lagoa,PT,2021-10-02 16:04:51,39.05,-27.9833,71.22,91,66,18.84
545,Kailua,US,2021-10-02 16:04:51,21.4022,-157.7394,76.98,78,20,9.22
546,Qasigiannguit,GL,2021-10-02 16:04:51,68.8193,-51.1922,28.09,90,12,2.06
547,Santa Cruz,BO,2021-10-02 16:04:10,-17.8,-63.1667,96.93,31,7,18.75
548,Klaksvik,FO,2021-10-02 16:04:52,62.2266,-6.589,50.92,84,100,27.25
549,Lima,PE,2021-10-02 16:04:52,-12.0432,-77.0282,62.38,79,90,5.75
550,North Bend,US,2021-10-02 16:04:52,43.4065,-124.2243,52.16,93,90,0.0
551,Simbahan,PH,2021-10-02 16:04:53,6.3032,120.5836,83.53,73,89,5.82
552,Rio Gallegos,AR,2021-10-02 16:04:53,-51.6226,-69.2181,50.05,37,0,19.57
553,Aljezur,PT,2021-10-02 16:04:53,37.3191,-8.8033,70.68,75,27,10.25
554,Sistranda,NO,2021-10-02 16:04:54,63.7256,8.834,58.89,87,87,11.74
555,Flinders,AU,2021-10-02 16:04:55,-34.5833,150.8552,56.8,91,6,1.01
556,Comodoro Rivadavia,AR,2021-10-02 16:01:54,-45.8667,-67.5,49.86,37,0,16.11
557,Crotone,IT,2021-10-02 16:04:55,39.0851,17.1178,71.92,63,77,5.57
558,Alyangula,AU,2021-10-02 16:04:55,-13.8483,136.4192,79.79,74,97,15.64
559,Pingyin,CN,2021-10-02 16:04:56,36.2831,116.4453,72.48,78,52,10.0
560,Ahipara,NZ,2021-10-02 16:04:56,-35.1667,173.1667,53.2,90,55,8.03
561,La Crosse,US,2021-10-02 16:00:59,43.8014,-91.2396,74.77,79,75,1.99
562,Sao Felix Do Xingu,BR,2021-10-02 16:04:56,-6.6447,-51.995,90.07,51,99,1.19
563,Bathsheba,BB,2021-10-02 16:04:57,13.2167,-59.5167,92.01,58,40,26.46
564,Hovd,MN,2021-10-02 16:04:57,48.0056,91.6419,37.11,32,38,9.15
565,Rantoul,US,2021-10-02 16:04:57,40.3084,-88.1559,71.1,91,90,10.36
566,Bereznik,RU,2021-10-02 16:04:58,62.8551,42.7072,45.18,73,100,1.59
567,Villa Union,MX,2021-10-02 16:04:58,23.2,-106.2333,82.9,89,90,0.0
568,Zherdevka,RU,2021-10-02 16:04:58,51.8486,41.4606,54.45,61,86,4.25
569,Kaspiysk,RU,2021-10-02 16:04:59,42.8816,47.6392,59.23,76,75,18.01
570,Itaguai,BR,2021-10-02 16:04:59,-22.8522,-43.7753,85.68,63,88,10.6
571,Lieksa,FI,2021-10-02 16:05:00,63.3167,30.0167,50.05,84,100,8.99
